origin_name,destination_name,type,constellation_telesat,height_telesat,origin_telesat,destination_telesat,Mean latency there_telesat,Mean latency back_telesat,Min. RTT_telesat,Mean RTT_telesat,Max. RTT_telesat,Smp.std. RTT_telesat,Reply arrival_telesat,constellation_kuiper,height_kuiper,origin_kuiper,destination_kuiper,Mean latency there_kuiper,Mean latency back_kuiper,Min. RTT_kuiper,Mean RTT_kuiper,Max. RTT_kuiper,Smp.std. RTT_kuiper,Reply arrival_kuiper,constellation_starlink,height_starlink,origin_starlink,destination_starlink,Mean latency there_starlink,Mean latency back_starlink,Min. RTT_starlink,Mean RTT_starlink,Max. RTT_starlink,Smp.std. RTT_starlink,Reply arrival_starlink,country_source,country_destination,min_of,avg_of,max_of,mdev_of,Distance_of,Expected_Latency_of
New-York,Cairo,isls,telesat,1015,355,358,32.57 ms,32.57 ms,65.06 ms,65.13 ms,65.48 ms,0.11 ms,199935/200000 (100%),kuiper,630,1160,1163,35.63 ms,35.63 ms,68.12 ms,71.26 ms,73.03 ms,0.98 ms,199929/200000 (100%),starlink,550,1588,1591,35.26 ms,35.26 ms,66.76 ms,70.53 ms,82.16 ms,2.25 ms,199932/200000 (100%),United States,Egypt,"125,681916666667","126,558875","132,32375","1,3655","8994,15830739007","89,9415830739006"
Madrid,New-York,isls,telesat,1015,351,355,21.77 ms,21.77 ms,43.40 ms,43.54 ms,44.13 ms,0.18 ms,199957/200000 (100%),kuiper,630,1156,1160,24.19 ms,24.19 ms,47.60 ms,48.38 ms,50.44 ms,0.34 ms,199952/200000 (100%),starlink,550,1584,1588,25.68 ms,25.68 ms,49.31 ms,51.36 ms,60.25 ms,0.67 ms,199949/200000 (100%),Spain,United States,"95,3402916666667",95457,"96,0549166666667","0,377875","5742,34096750353","57,4234096750353"
Mexico-City,Tokyo,isls,telesat,1015,356,359,42.88 ms,42.88 ms,85.41 ms,85.76 ms,86.57 ms,0.35 ms,199915/200000 (100%),kuiper,630,1161,1164,44.30 ms,44.30 ms,85.34 ms,88.60 ms,90.64 ms,1.42 ms,199915/200000 (100%),starlink,550,1589,1592,43.77 ms,43.77 ms,83.75 ms,87.54 ms,94.51 ms,1.15 ms,199911/200000 (100%),Mexico,Japan,"164,034833333333","164,82375","171,995333333333","1,72970833333333","11300,6889783313","113,006889783313"
Barcelona,Mexico-City,isls,telesat,1015,352,356,34.21 ms,34.21 ms,68.09 ms,68.43 ms,75.55 ms,0.26 ms,199932/200000 (100%),kuiper,630,1157,1161,38.28 ms,38.28 ms,74.75 ms,76.56 ms,80.80 ms,2.00 ms,199926/200000 (100%),starlink,550,1585,1589,38.66 ms,38.66 ms,75.12 ms,77.31 ms,85.42 ms,0.95 ms,199924/200000 (100%),Spain,Mexico,"147,365875","148,286958333333","155,6565","1,77470833333333","9489,10284012858","94,8910284012857"
Riyadh,Cairo,isls,telesat,1015,353,358,10.44 ms,10.44 ms,18.54 ms,20.88 ms,23.15 ms,1.26 ms,199982/200000 (100%),kuiper,630,1158,1163,7.98 ms,7.98 ms,14.22 ms,15.96 ms,20.00 ms,2.21 ms,199986/200000 (100%),starlink,550,1586,1591,8.70 ms,8.70 ms,13.44 ms,17.39 ms,23.50 ms,2.29 ms,199983/200000 (100%),Saudi Arabia,Egypt,"117,3685","118,575708333333","126,997083333333","2,03954166666667","1642,66745026606","16,4266745026606"
Madrid,Sidney,isls,telesat,1015,351,360,70.04 ms,70.03 ms,139.53 ms,140.07 ms,140.53 ms,0.29 ms,199860/200000 (100%),kuiper,630,1156,1165,68.39 ms,68.39 ms,134.43 ms,136.78 ms,140.04 ms,2.10 ms,199861/200000 (100%),starlink,550,1584,1593,68.03 ms,68.03 ms,131.19 ms,136.06 ms,141.94 ms,4.02 ms,199868/200000 (100%),Spain,Australia,"265,407166666667","265,529666666667","266,709625","0,609916666666667","17683,1933574916","176,831933574916"
Bogota,Tokyo,isls,telesat,1015,357,359,56.06 ms,56.06 ms,111.12 ms,112.13 ms,112.62 ms,0.59 ms,199889/200000 (100%),kuiper,630,1162,1164,54.89 ms,54.89 ms,108.17 ms,109.78 ms,113.59 ms,2.10 ms,199892/200000 (100%),starlink,550,1590,1592,54.12 ms,54.12 ms,104.60 ms,108.25 ms,114.28 ms,2.37 ms,199891/200000 (100%),Colombia,Japan,"246,280625","246,496416666667","248,073166666667","0,645083333333333","14314,5406682973","143,145406682973"
Tokyo,Sidney,isls,telesat,1015,359,360,28.39 ms,28.39 ms,56.76 ms,56.79 ms,56.89 ms,0.03 ms,199944/200000 (100%),kuiper,630,1164,1165,47.30 ms,47.30 ms,89.82 ms,94.61 ms,97.46 ms,2.38 ms,199905/200000 (100%),starlink,550,1592,1593,59.66 ms,59.66 ms,99.73 ms,119.33 ms,129.22 ms,10.67 ms,199900/200000 (100%),Japan,Australia,"135,840708333333","135,971875","136,6475","0,389333333333333","7824,68211669197","78,2468211669197"
Mexico-City,Sidney,isls,telesat,1015,356,360,52.04 ms,52.05 ms,94.52 ms,104.09 ms,107.88 ms,4.43 ms,199893/200000 (100%),kuiper,630,1161,1165,53.15 ms,53.15 ms,105.09 ms,106.31 ms,110.14 ms,1.52 ms,199895/200000 (100%),starlink,550,1589,1593,68.47 ms,68.47 ms,130.62 ms,136.94 ms,145.36 ms,4.71 ms,199859/200000 (100%),Mexico,Australia,"194,286708333333","196,038125","202,211875","2,07358333333333","12972,9345835043","129,729345835043"
Barcelona,Cairo,isls,telesat,1015,352,358,12.68 ms,12.68 ms,24.87 ms,25.36 ms,26.20 ms,0.41 ms,199974/200000 (100%),kuiper,630,1157,1163,13.28 ms,13.28 ms,23.98 ms,26.57 ms,29.79 ms,1.69 ms,199973/200000 (100%),starlink,550,1585,1591,12.88 ms,12.88 ms,22.36 ms,25.75 ms,33.36 ms,2.27 ms,199978/200000 (100%),Spain,Egypt,"57,2465416666667","58,2948333333333","65,9637083333333","1,71354166666667","2891,19932864187","28,9119932864187"
New-York,Bogota,isls,telesat,1015,355,357,16.01 ms,16.01 ms,31.82 ms,32.03 ms,32.61 ms,0.23 ms,199968/200000 (100%),kuiper,630,1160,1162,27.72 ms,27.72 ms,47.18 ms,55.44 ms,59.10 ms,1.18 ms,199953/200000 (100%),starlink,550,1588,1590,33.15 ms,33.15 ms,65.22 ms,66.30 ms,68.90 ms,0.96 ms,199935/200000 (100%),United States,Colombia,"95,9565833333333",96136,97837,"0,522625","4017,56497757529","40,1756497757529"
New-York,Sidney,isls,telesat,1015,355,360,67.31 ms,67.31 ms,130.89 ms,134.62 ms,139.20 ms,2.32 ms,199868/200000 (100%),kuiper,630,1160,1165,62.85 ms,62.84 ms,124.14 ms,125.69 ms,129.09 ms,1.14 ms,199875/200000 (100%),starlink,550,1588,1593,71.84 ms,71.84 ms,135.51 ms,143.67 ms,153.44 ms,6.43 ms,199854/200000 (100%),United States,Australia,"240,499583333333","240,637791666667","241,404541666667","0,533333333333333","16018,8562252764","160,188562252764"
Barcelona,Los-Angeles,isls,telesat,1015,352,354,34.65 ms,34.65 ms,69.19 ms,69.30 ms,69.65 ms,0.11 ms,199931/200000 (100%),kuiper,630,1157,1159,38.19 ms,38.19 ms,74.63 ms,76.38 ms,80.04 ms,2.15 ms,199925/200000 (100%),starlink,550,1585,1587,36.97 ms,36.97 ms,72.74 ms,73.94 ms,80.41 ms,1.10 ms,199928/200000 (100%),Spain,United States,167666,"167,888083333333","168,157125","0,4115","9653,68475087745","96,5368475087745"
Riyadh,Los-Angeles,isls,telesat,1015,353,354,48.87 ms,48.87 ms,96.75 ms,97.73 ms,99.16 ms,0.87 ms,199903/200000 (100%),kuiper,630,1158,1159,53.94 ms,53.94 ms,105.27 ms,107.88 ms,109.96 ms,1.58 ms,199892/200000 (100%),starlink,550,1586,1587,62.51 ms,62.51 ms,122.91 ms,125.02 ms,129.37 ms,2.25 ms,199876/200000 (100%),Saudi Arabia,United States,"218,286791666667","218,445083333333","218,820583333333","0,410958333333333","13298,864361197","132,98864361197"
Madrid,Tokyo,isls,telesat,1015,351,359,39.57 ms,39.57 ms,76.47 ms,79.14 ms,87.42 ms,2.05 ms,199919/200000 (100%),kuiper,630,1156,1164,43.61 ms,43.61 ms,85.44 ms,87.22 ms,90.74 ms,2.19 ms,199915/200000 (100%),starlink,550,1584,1592,51.44 ms,51.44 ms,98.92 ms,102.88 ms,110.09 ms,4.15 ms,199902/200000 (100%),Spain,Japan,"235,5915","235,722625","236,367833333333","0,502791666666667","10766,6139281765","107,666139281765"
New-York,Tokyo,isls,telesat,1015,355,359,39.17 ms,39.17 ms,77.03 ms,78.33 ms,82.94 ms,1.57 ms,199920/200000 (100%),kuiper,630,1160,1164,44.15 ms,44.15 ms,86.69 ms,88.30 ms,91.52 ms,1.85 ms,199913/200000 (100%),starlink,550,1588,1592,51.79 ms,51.79 ms,99.80 ms,103.58 ms,110.62 ms,4.61 ms,199890/200000 (100%),United States,Japan,"175,974291666667","176,093125","176,584833333333","0,413083333333333","10858,7731863457","108,587731863457"
Barcelona,Bogota,isls,telesat,1015,352,357,30.79 ms,30.79 ms,61.54 ms,61.57 ms,61.69 ms,0.03 ms,199939/200000 (100%),kuiper,630,1157,1162,34.50 ms,34.50 ms,67.35 ms,69.00 ms,71.98 ms,1.12 ms,199932/200000 (100%),starlink,550,1585,1590,40.22 ms,40.22 ms,74.77 ms,80.44 ms,87.19 ms,5.02 ms,199913/200000 (100%),Spain,Colombia,176628,"177,80825","179,575291666667","0,886291666666667","8523,67169119546","85,2367169119546"
Los-Angeles,Tokyo,isls,telesat,1015,354,359,31.91 ms,31.91 ms,63.65 ms,63.82 ms,64.31 ms,0.18 ms,199937/200000 (100%),kuiper,630,1159,1164,35.36 ms,35.36 ms,67.62 ms,70.71 ms,72.69 ms,1.80 ms,199933/200000 (100%),starlink,550,1587,1592,34.81 ms,34.81 ms,66.62 ms,69.62 ms,79.84 ms,3.23 ms,199925/200000 (100%),United States,Japan,"114,831916666667","114,927625","115,285583333333","0,317458333333333","8810,3433445644","88,103433445644"
Madrid,Bogota,isls,telesat,1015,351,357,29.13 ms,29.13 ms,58.21 ms,58.26 ms,58.40 ms,0.04 ms,199942/200000 (100%),kuiper,630,1156,1162,32.75 ms,32.74 ms,63.40 ms,65.49 ms,68.12 ms,1.43 ms,199935/200000 (100%),starlink,550,1584,1590,38.90 ms,38.90 ms,73.09 ms,77.80 ms,86.37 ms,5.61 ms,199922/200000 (100%),Spain,Colombia,"175,871166666667","177,018958333333","180,070916666667","1,13875","8021,63192612089","80,2163192612089"
Riyadh,Sidney,isls,telesat,1015,353,360,51.77 ms,51.77 ms,94.89 ms,103.55 ms,105.33 ms,2.62 ms,199895/200000 (100%),kuiper,630,1158,1165,52.11 ms,52.11 ms,102.16 ms,104.21 ms,107.75 ms,1.48 ms,199896/200000 (100%),starlink,550,1586,1593,64.58 ms,64.59 ms,127.86 ms,129.17 ms,140.64 ms,2.94 ms,199860/200000 (100%),Saudi Arabia,Australia,"254,057625","255,023958333333",258134,"1,13820833333333","12777,130620045","127,77130620045"
Cairo,Tokyo,isls,telesat,1015,358,359,34.38 ms,34.38 ms,68.58 ms,68.76 ms,69.42 ms,0.20 ms,199932/200000 (100%),kuiper,630,1163,1164,38.37 ms,38.37 ms,74.25 ms,76.74 ms,79.82 ms,2.35 ms,199926/200000 (100%),starlink,550,1591,1592,37.86 ms,37.86 ms,73.30 ms,75.73 ms,83.23 ms,0.54 ms,199925/200000 (100%),Egypt,Japan,"266,777315789474","267,607368421053","272,109631578947","1,21057894736842","9570,11732368678","95,7011732368678"
Barcelona,Tokyo,isls,telesat,1015,352,359,37.33 ms,37.32 ms,74.27 ms,74.65 ms,82.74 ms,0.29 ms,199926/200000 (100%),kuiper,630,1157,1164,41.79 ms,41.79 ms,80.95 ms,83.57 ms,85.87 ms,1.02 ms,199916/200000 (100%),starlink,550,1585,1592,47.12 ms,47.12 ms,88.50 ms,94.24 ms,98.32 ms,3.41 ms,199902/200000 (100%),Spain,Japan,"254,680291666667","254,935625","255,454291666667","0,527458333333333","10417,8992639239","104,178992639239"
Cairo,Sidney,isls,telesat,1015,358,360,62.13 ms,62.13 ms,117.98 ms,124.26 ms,125.93 ms,1.08 ms,199876/200000 (100%),kuiper,630,1163,1165,58.31 ms,58.32 ms,115.62 ms,116.63 ms,120.19 ms,1.50 ms,199885/200000 (100%),starlink,550,1591,1593,74.15 ms,74.16 ms,142.45 ms,148.31 ms,154.36 ms,5.00 ms,199846/200000 (100%),,,,,,,,
Bogota,Sidney,isls,telesat,1015,357,360,60.24 ms,60.24 ms,118.59 ms,120.48 ms,124.10 ms,1.98 ms,199881/200000 (100%),kuiper,630,1162,1165,58.19 ms,58.19 ms,111.24 ms,116.39 ms,117.74 ms,1.29 ms,199884/200000 (100%),starlink,550,1590,1593,59.24 ms,59.24 ms,108.23 ms,118.48 ms,127.51 ms,7.37 ms,199874/200000 (100%),Colombia,Australia,"243,915333333333","244,422333333333","247,093285714286","1,19390476190476","14325,1373796274","143,251373796274"
Los-Angeles,Cairo,isls,telesat,1015,354,358,45.71 ms,45.71 ms,91.28 ms,91.41 ms,91.44 ms,0.03 ms,199909/200000 (100%),kuiper,630,1159,1163,48.52 ms,48.52 ms,94.61 ms,97.04 ms,99.31 ms,1.91 ms,199902/200000 (100%),starlink,550,1587,1591,53.04 ms,53.04 ms,99.79 ms,106.08 ms,110.28 ms,4.48 ms,199900/200000 (100%),United States,Egypt,"186,901291666667","187,861875","194,653375","1,58258333333333","12199,0534360117","121,990534360117"
Los-Angeles,Sidney,isls,telesat,1015,354,360,47.99 ms,47.99 ms,88.11 ms,95.98 ms,99.28 ms,4.15 ms,199912/200000 (100%),kuiper,630,1159,1165,48.00 ms,48.00 ms,93.82 ms,96.00 ms,100.67 ms,1.87 ms,199906/200000 (100%),starlink,550,1587,1593,51.90 ms,51.89 ms,99.78 ms,103.79 ms,113.10 ms,5.14 ms,199887/200000 (100%),United States,Australia,"161,223791666667","161,328708333333","161,98025","0,4515","12073,6088347194","120,736088347194"
Riyadh,Mexico-City,isls,telesat,1015,353,356,54.88 ms,54.89 ms,109.23 ms,109.77 ms,110.36 ms,0.35 ms,199890/200000 (100%),kuiper,630,1158,1161,53.38 ms,53.38 ms,105.99 ms,106.76 ms,113.76 ms,0.83 ms,199894/200000 (100%),starlink,550,1586,1589,51.38 ms,51.38 ms,101.90 ms,102.76 ms,111.68 ms,0.68 ms,199898/200000 (100%),Saudi Arabia,Mexico,"215,290875","216,0115","222,210416666667","1,584375","13877,2086692241","138,772086692241"
Riyadh,Tokyo,isls,telesat,1015,353,359,31.44 ms,31.44 ms,62.72 ms,62.88 ms,63.12 ms,0.11 ms,199938/200000 (100%),kuiper,630,1158,1164,36.12 ms,36.12 ms,71.25 ms,72.24 ms,77.22 ms,1.41 ms,199929/200000 (100%),starlink,550,1586,1592,49.96 ms,49.97 ms,91.78 ms,99.93 ms,117.10 ms,9.06 ms,199885/200000 (100%),Saudi Arabia,Japan,"265,91425",266287,"268,181541666667","0,796708333333333","8699,7009327143","86,997009327143"
Mexico-City,Cairo,isls,telesat,1015,356,358,51.10 ms,51.10 ms,101.11 ms,102.19 ms,103.77 ms,0.78 ms,199899/200000 (100%),kuiper,630,1161,1163,48.52 ms,48.53 ms,93.52 ms,97.05 ms,99.29 ms,1.45 ms,199903/200000 (100%),starlink,550,1589,1591,47.93 ms,47.94 ms,91.71 ms,95.87 ms,102.47 ms,4.57 ms,199906/200000 (100%),Mexico,Egypt,194593,"195,997291666667","204,376833333333","2,15058333333333","12366,9669171993","123,669669171993"
Madrid,Riyadh,isls,telesat,1015,351,353,19.08 ms,19.08 ms,38.01 ms,38.17 ms,38.70 ms,0.18 ms,199962/200000 (100%),kuiper,630,1156,1158,21.23 ms,21.24 ms,41.14 ms,42.47 ms,47.17 ms,1.13 ms,199958/200000 (100%),starlink,550,1584,1586,24.84 ms,24.84 ms,47.06 ms,49.69 ms,58.28 ms,2.95 ms,199942/200000 (100%),Spain,Saudi Arabia,"96,1714166666667","96,36475","97,2590416666667",414,"4965,07383775514","49,6507383775514"
Mexico-City,Bogota,isls,telesat,1015,356,357,13.93 ms,13.93 ms,26.58 ms,27.86 ms,29.03 ms,0.88 ms,199972/200000 (100%),kuiper,630,1161,1162,15.11 ms,15.11 ms,29.54 ms,30.22 ms,36.30 ms,1.19 ms,199971/200000 (100%),starlink,550,1589,1590,16.23 ms,16.23 ms,30.92 ms,32.46 ms,35.38 ms,1.35 ms,199965/200000 (100%),Mexico,Colombia,"128,625791666667","129,470166666667","136,248583333333","1,62479166666667","3177,32500427885","31,7732500427886"
Madrid,Cairo,isls,telesat,1015,351,358,14.11 ms,14.11 ms,27.77 ms,28.21 ms,29.15 ms,0.37 ms,199971/200000 (100%),kuiper,630,1156,1163,15.20 ms,15.20 ms,28.70 ms,30.40 ms,32.83 ms,0.60 ms,199970/200000 (100%),starlink,550,1584,1591,16.17 ms,16.17 ms,27.11 ms,32.34 ms,36.80 ms,2.17 ms,199966/200000 (100%),Spain,Egypt,"62,356375","63,2425","68,983875","1,3555","3347,07961727239","33,4707961727239"
Madrid,Los-Angeles,isls,telesat,1015,351,354,33.75 ms,33.75 ms,67.31 ms,67.50 ms,67.82 ms,0.15 ms,199933/200000 (100%),kuiper,630,1156,1159,36.77 ms,36.77 ms,72.63 ms,73.54 ms,78.79 ms,1.29 ms,199927/200000 (100%),starlink,550,1584,1587,36.06 ms,36.06 ms,70.14 ms,72.11 ms,78.14 ms,1.27 ms,199930/200000 (100%),Spain,United States,"140,161833333333","145,639875","151,51675","3,27675","9365,12306055799","93,6512306055799"
Los-Angeles,Bogota,isls,telesat,1015,354,357,21.17 ms,21.16 ms,42.19 ms,42.33 ms,42.74 ms,0.14 ms,199958/200000 (100%),kuiper,630,1159,1162,23.97 ms,23.97 ms,46.68 ms,47.94 ms,49.52 ms,0.67 ms,199953/200000 (100%),starlink,550,1587,1590,24.89 ms,24.89 ms,45.35 ms,49.78 ms,61.10 ms,5.51 ms,199941/200000 (100%),United States,Colombia,105627,"105,769333333333","107,001583333333","0,424791666666667","5605,3414104866","56,053414104866"
Riyadh,Bogota,isls,telesat,1015,353,357,53.59 ms,53.59 ms,105.47 ms,107.18 ms,110.13 ms,1.75 ms,199895/200000 (100%),kuiper,630,1158,1162,53.86 ms,53.86 ms,105.47 ms,107.73 ms,110.05 ms,0.93 ms,199893/200000 (100%),starlink,550,1586,1590,71.64 ms,71.64 ms,142.05 ms,143.29 ms,154.07 ms,2.76 ms,199846/200000 (100%),Saudi Arabia,Colombia,"240,363458333333","241,564583333333","243,553583333333","0,9245","12842,4425727383","128,424425727383"
Madrid,Barcelona,isls,telesat,1015,351,352,8.20 ms,8.20 ms,14.58 ms,16.41 ms,18.72 ms,1.13 ms,199986/200000 (100%),kuiper,630,1156,1157,5.09 ms,5.09 ms,9.47 ms,10.18 ms,11.72 ms,0.62 ms,199991/200000 (100%),starlink,550,1584,1585,4.03 ms,4.03 ms,7.69 ms,8.07 ms,8.83 ms,0.30 ms,199992/200000 (100%),Spain,Spain,"8,582875","8,79241666666667","9,16020833333333","0,158625","503,94949011776","5,0394949011776"
New-York,Mexico-City,isls,telesat,1015,355,356,14.22 ms,14.22 ms,27.64 ms,28.44 ms,30.28 ms,0.78 ms,199973/200000 (100%),kuiper,630,1160,1161,14.98 ms,14.97 ms,28.88 ms,29.95 ms,35.84 ms,1.76 ms,199972/200000 (100%),starlink,550,1588,1589,14.26 ms,14.26 ms,25.77 ms,28.52 ms,39.70 ms,2.65 ms,199974/200000 (100%),United States,Mexico,"66,3636666666667","67,1507916666667","73,4176666666667","1,62483333333333","3384,24766609688","33,8424766609688"
Riyadh,New-York,isls,telesat,1015,353,355,38.53 ms,38.53 ms,74.85 ms,77.06 ms,83.13 ms,2.38 ms,199925/200000 (100%),kuiper,630,1158,1160,40.83 ms,40.82 ms,80.76 ms,81.65 ms,87.13 ms,1.45 ms,199920/200000 (100%),starlink,550,1586,1588,39.54 ms,39.54 ms,77.54 ms,79.08 ms,88.37 ms,2.16 ms,199917/200000 (100%),Saudi Arabia,United States,"151,337708333333","151,602791666667","152,968458333333","0,528541666666667","10494,0572701402","104,940572701402"
Bogota,Cairo,isls,telesat,1015,357,358,45.35 ms,45.35 ms,88.97 ms,90.70 ms,93.62 ms,0.92 ms,199911/200000 (100%),kuiper,630,1162,1163,46.92 ms,46.92 ms,91.73 ms,93.83 ms,96.37 ms,1.64 ms,199908/200000 (100%),starlink,550,1590,1591,68.54 ms,68.55 ms,131.93 ms,137.09 ms,145.68 ms,6.00 ms,199855/200000 (100%),Colombia,Egypt,"208,266708333333","209,732916666667","217,881125","2,05445833333333","11209,4311573841","112,094311573841"
Madrid,Mexico-City,isls,telesat,1015,351,356,32.73 ms,32.73 ms,65.29 ms,65.47 ms,65.79 ms,0.15 ms,199935/200000 (100%),kuiper,630,1156,1161,37.15 ms,37.15 ms,72.49 ms,74.31 ms,78.23 ms,1.10 ms,199926/200000 (100%),starlink,550,1584,1589,42.65 ms,42.65 ms,78.98 ms,85.29 ms,110.27 ms,8.19 ms,199908/200000 (100%),Spain,Mexico,"147,652291666667","148,419041666667","156,100208333333","1,83658333333333","9064,8470904846","90,648470904846"
Barcelona,New-York,isls,telesat,1015,352,355,23.16 ms,23.16 ms,46.05 ms,46.32 ms,47.12 ms,0.29 ms,199954/200000 (100%),kuiper,630,1157,1160,25.23 ms,25.22 ms,49.06 ms,50.45 ms,52.82 ms,1.02 ms,199951/200000 (100%),starlink,550,1585,1588,25.28 ms,25.28 ms,49.29 ms,50.56 ms,60.11 ms,0.37 ms,199950/200000 (100%),Spain,United States,"100,13475","100,369708333333","100,757208333333","0,323166666666667","6138,5154346373","61,385154346373"
Barcelona,Sidney,isls,telesat,1015,352,360,68.97 ms,68.96 ms,135.58 ms,137.93 ms,142.31 ms,1.14 ms,199865/200000 (100%),kuiper,630,1157,1165,66.87 ms,66.87 ms,132.52 ms,133.74 ms,138.66 ms,1.02 ms,199864/200000 (100%),starlink,550,1585,1593,66.41 ms,66.42 ms,129.67 ms,132.83 ms,143.11 ms,4.93 ms,199871/200000 (100%),Spain,Australia,"237,507333333333","237,760041666667","238,635708333333","0,509541666666667","17180,445439004","171,80445439004"
Los-Angeles,Mexico-City,isls,telesat,1015,354,356,11.74 ms,11.74 ms,22.79 ms,23.49 ms,24.27 ms,0.42 ms,199977/200000 (100%),kuiper,630,1159,1161,11.89 ms,11.89 ms,22.11 ms,23.77 ms,27.61 ms,2.20 ms,199978/200000 (100%),starlink,550,1587,1589,11.10 ms,11.10 ms,20.50 ms,22.21 ms,28.26 ms,1.02 ms,199980/200000 (100%),United States,Mexico,"47,7931666666667","48,5434166666667","54,993875","1,64441666666667","2490,35365637198","24,9035365637198"
Barcelona,Riyadh,isls,telesat,1015,352,353,17.53 ms,17.53 ms,34.88 ms,35.05 ms,35.56 ms,0.16 ms,199965/200000 (100%),kuiper,630,1157,1158,19.18 ms,19.18 ms,35.38 ms,38.36 ms,40.31 ms,0.94 ms,199962/200000 (100%),starlink,550,1585,1586,20.34 ms,20.35 ms,35.31 ms,40.69 ms,45.67 ms,3.81 ms,199955/200000 (100%),Spain,Saudi Arabia,"96,14175","96,416625","96,9424583333333","0,366416666666667","4491,60477196039","44,9160477196039"
Los-Angeles,New-York,isls,telesat,1015,354,355,16.04 ms,16.04 ms,31.42 ms,32.08 ms,32.82 ms,0.36 ms,199969/200000 (100%),kuiper,630,1159,1160,17.00 ms,17.00 ms,32.74 ms,33.99 ms,37.27 ms,1.21 ms,199968/200000 (100%),starlink,550,1587,1588,22.13 ms,22.13 ms,34.94 ms,44.27 ms,47.61 ms,4.68 ms,199965/200000 (100%),United States,United States,"67,9137083333333","67,987375","68,1229166666667","0,231166666666667","3965,52920669497","39,6552920669497"
